Algo,GraphSize,PQType,Result_ms
AStar,5,BMH,0.07079998613335192
AStar,5,LL,0.0337999954354018
Prims,5,BMH,0.0743999844416976
Prims,5,LL,0.030700000934302807
AStar,6,BMH,0.04949999856762588
AStar,6,LL,0.03429999924264848
Prims,6,BMH,0.08679999154992402
Prims,6,LL,0.04069998976774514
AStar,7,BMH,0.05859998054802418
AStar,7,LL,0.044100015657022595
Prims,7,BMH,0.10150001617148519
Prims,7,LL,0.0816000101622194
AStar,8,BMH,0.05360000068321824
AStar,8,LL,0.03950000973418355
Prims,8,BMH,0.12299997615627944
Prims,8,LL,0.053800002206116915
AStar,9,BMH,0.12020001304335892
AStar,9,LL,0.0644999963697046
Prims,9,BMH,0.149500003317371
Prims,9,LL,0.06369999027810991
AStar,10,BMH,0.05740000051446259
AStar,10,LL,0.04529999569058418
Prims,10,BMH,0.20260000019334257
Prims,10,LL,0.07340000593103468
AStar,11,BMH,0.06029999349266291
AStar,11,LL,0.046699977247044444
Prims,11,BMH,0.18649999401532114
Prims,11,LL,0.08669999078847468
AStar,12,BMH,0.07270000060088933
AStar,12,LL,0.05930001498199999
Prims,12,BMH,0.19970000721514225
Prims,12,LL,0.09250000584870577
AStar,13,BMH,0.06609997944906354
AStar,13,LL,0.05199998850002885
Prims,13,BMH,0.2243999915663153
Prims,13,LL,0.10610002209432423
AStar,14,BMH,0.06809999467805028
AStar,14,LL,0.05479998071677983
Prims,14,BMH,0.2376000047661364
Prims,14,LL,0.11610001092776656
AStar,15,BMH,0.08910000906325877
AStar,15,LL,0.15059998258948326
Prims,15,BMH,0.3800999838858843
Prims,15,LL,0.12939999578520656
AStar,16,BMH,0.07239999831654131
AStar,16,LL,0.05980001878924668
Prims,16,BMH,0.3288000007160008
Prims,16,LL,0.13719999697059393
AStar,17,BMH,0.07499998901039362
AStar,17,LL,0.06390002090483904
Prims,17,BMH,0.3625999961514026
Prims,17,LL,0.159099989105016
AStar,18,BMH,0.07720000576227903
AStar,18,LL,0.10140001541003585
Prims,18,BMH,0.35829999251291156
Prims,18,LL,0.17479999223724008
AStar,19,BMH,0.09459999273531139
AStar,19,LL,0.06749999010935426
Prims,19,BMH,0.37349999183788896
Prims,19,LL,0.18580001778900623
AStar,20,BMH,0.09610000415705144
AStar,20,LL,0.08359999628737569
Prims,20,BMH,0.4087999986950308
Prims,20,LL,0.22059999173507094
AStar,21,BMH,0.08509997860528529
AStar,21,LL,0.07270000060088933
Prims,21,BMH,0.4729999927803874
Prims,21,LL,0.22119999630376697
AStar,22,BMH,0.08830000297166407
AStar,22,LL,0.09690001024864614
Prims,22,BMH,0.47649999032728374
Prims,22,LL,0.2398999931756407
AStar,23,BMH,0.0908000220078975
AStar,23,LL,0.07770000956952572
Prims,23,BMH,0.47389999963343143
Prims,23,LL,0.43200000072829425
AStar,24,BMH,0.09350001346319914
AStar,24,LL,0.08110000635497272
Prims,24,BMH,0.5607000202871859
Prims,24,LL,0.26530001196078956
AStar,25,BMH,0.09529999806545675
AStar,25,LL,0.0832000223454088
Prims,25,BMH,0.548899988643825
Prims,25,LL,0.3206999972462654
AStar,26,BMH,0.09839999256655574
AStar,26,LL,0.08559998241253197
Prims,26,BMH,0.617199984844774
Prims,26,LL,0.30270000570453703
AStar,27,BMH,0.10070001007989049
AStar,27,LL,0.08840000373311341
Prims,27,BMH,0.6351000047288835
Prims,27,LL,0.31400000443682075
AStar,28,BMH,0.10359997395426035
AStar,28,LL,0.09109999518841505
Prims,28,BMH,0.6370999908540398
Prims,28,LL,0.36199999158270657
AStar,29,BMH,0.10699999984353781
AStar,29,LL,0.09339998359791934
Prims,29,BMH,0.894299999345094
Prims,29,LL,0.35890002618543804
AStar,30,BMH,0.1269000058528036
AStar,30,LL,0.11369999265298247
Prims,30,BMH,0.743500015232712
Prims,30,LL,0.38240000139921904
AStar,31,BMH,0.1128000149037689
AStar,31,LL,0.0990999978967011
Prims,31,BMH,0.7729000062681735
Prims,31,LL,0.39840000681579113
AStar,32,BMH,0.2537999826017767
AStar,32,LL,0.2776999899651855
Prims,32,BMH,0.909099995624274
Prims,32,LL,0.458399998024106
AStar,33,BMH,0.21190001280047
AStar,33,LL,0.16300001880154014
Prims,33,BMH,0.8302000060211867
Prims,33,LL,0.4311000229790807
AStar,34,BMH,0.12000001152046025
AStar,34,LL,0.10610002209432423
Prims,34,BMH,0.8694999851286411
Prims,34,LL,0.46740000834688544
AStar,35,BMH,0.12139999307692051
AStar,35,LL,0.10949998977594078
Prims,35,BMH,0.904799991985783
Prims,35,LL,0.5492000200320035
AStar,36,BMH,0.12399998377077281
AStar,36,LL,0.1315999834332615
Prims,36,BMH,0.9048000210896134
Prims,36,LL,0.5438000080175698
AStar,37,BMH,0.10430000838823617
AStar,37,LL,0.0942000187933445
Prims,37,BMH,0.9807000169530511
Prims,37,LL,0.5423999973572791
AStar,38,BMH,0.15319997328333557
AStar,38,LL,0.13890000991523266
Prims,38,BMH,1.1201000015717
Prims,38,LL,0.7516999903600663
AStar,39,BMH,0.13460000627674162
AStar,39,LL,0.12010001228190958
Prims,39,BMH,1.06969999615103
Prims,39,LL,0.6233000021893531
AStar,40,BMH,0.43009998626075685
AStar,40,LL,0.3792000061366707
Prims,40,BMH,1.1138999834656715
Prims,40,LL,0.6604999944102019
AStar,41,BMH,0.13810000382363796
AStar,41,LL,0.12489999062381685
Prims,41,BMH,1.1411000159569085
Prims,41,LL,0.8564000017940998
AStar,42,BMH,0.1432000135537237
AStar,42,LL,0.1632000203244388
Prims,42,BMH,1.1674999841488898
Prims,42,LL,0.6594999867957085
AStar,43,BMH,0.14259997988119721
AStar,43,LL,0.12969999806955457
Prims,43,BMH,1.2346000003162771
Prims,43,LL,0.6993000279180706
AStar,44,BMH,0.15040001017041504
AStar,44,LL,0.1713000237941742
Prims,44,BMH,1.240199984749779
Prims,44,LL,0.7516999903600663
AStar,45,BMH,0.14960000407882035
AStar,45,LL,0.33680000342428684
Prims,45,BMH,1.3044000079389662
Prims,45,LL,0.7977999921422452
AStar,46,BMH,0.12429998605512083
AStar,46,LL,0.1475999888498336
Prims,46,BMH,1.3330000219866633
Prims,46,LL,0.840199994854629
AStar,47,BMH,0.3735999925993383
AStar,47,LL,0.35609997576102614
Prims,47,BMH,1.4012999890837818
Prims,47,LL,0.899200007552281
AStar,48,BMH,0.507200020365417
AStar,48,LL,0.4485999816097319
Prims,48,BMH,1.5110999811440706
Prims,48,LL,0.8600000001024455
AStar,49,BMH,0.15770000754855573
AStar,49,LL,0.18140001338906586
Prims,49,BMH,1.4475000207312405
Prims,49,LL,0.8818999922368675
AStar,50,BMH,0.3335000074002892
AStar,50,LL,0.2837000065483153
Prims,50,BMH,3.417500003706664
Prims,50,LL,3.603999997721985
AStar,51,BMH,0.3387999895494431
AStar,51,LL,0.291000003926456
Prims,51,BMH,3.4576999896671623
Prims,51,LL,3.999600012321025
AStar,52,BMH,0.36460001138038933
AStar,52,LL,0.4112999886274338
Prims,52,BMH,3.836599993519485
Prims,52,LL,4.577799991238862
AStar,53,BMH,0.41130001773126423
AStar,53,LL,0.35429999115876853
Prims,53,BMH,3.746299975318834
Prims,53,LL,4.124500002944842
AStar,54,BMH,0.3479000006336719
AStar,54,LL,0.525799987372011
Prims,54,BMH,3.6613999982364476
Prims,54,LL,4.23439999576658
AStar,55,BMH,0.46629999997094274
AStar,55,LL,0.44350000098347664
Prims,55,BMH,3.9336999761871994
Prims,55,LL,4.259200009983033
AStar,56,BMH,0.36189999082125723
AStar,56,LL,0.3436999977566302
Prims,56,BMH,3.818400000454858
Prims,56,LL,4.658699996070936
AStar,57,BMH,0.37029999657534063
AStar,57,LL,0.3192000149283558
Prims,57,BMH,3.954699990572408
Prims,57,LL,4.534599982434884
AStar,58,BMH,0.40950000402517617
AStar,58,LL,0.3580999909900129
Prims,58,BMH,4.166699975030497
Prims,58,LL,4.810299986274913
AStar,59,BMH,0.4138999793212861
AStar,59,LL,0.3597000031732023
Prims,59,BMH,4.080899991095066
Prims,59,LL,5.478600010974333
AStar,60,BMH,0.4183999844826758
AStar,60,LL,0.3648999845609069
Prims,60,BMH,4.358400008641183
Prims,60,LL,7.610300002852455
AStar,61,BMH,2.468799997586757
AStar,61,LL,2.3006999981589615
Prims,61,BMH,5.9665000007953495
Prims,61,LL,7.601999997859821
AStar,62,BMH,1.1346999963279814
AStar,62,LL,1.0848999954760075
Prims,62,BMH,7.295799994608387
Prims,62,LL,13.1522000010591
AStar,63,BMH,0.4557000065688044
AStar,63,LL,0.42810000013560057
Prims,63,BMH,5.119999987073243
Prims,63,LL,9.545199980493635
AStar,64,BMH,0.4212000058032572
AStar,64,LL,0.38889999268576503
Prims,64,BMH,4.727299994556233
Prims,64,LL,6.067500013159588
AStar,65,BMH,0.4807000223081559
AStar,65,LL,0.49669999862089753
Prims,65,BMH,4.810700018424541
Prims,65,LL,6.197099981363863
AStar,66,BMH,0.388299988117069
AStar,66,LL,0.36810000892728567
Prims,66,BMH,4.868100018939003
Prims,66,LL,6.609299976844341
AStar,67,BMH,0.4606999864336103
AStar,67,LL,0.4074999887961894
Prims,67,BMH,4.895499994745478
Prims,67,LL,6.411399983335286
AStar,68,BMH,0.49890001537278295
AStar,68,LL,0.444800010882318
Prims,68,BMH,5.128199991304427
Prims,68,LL,6.470599997555837
AStar,69,BMH,0.43059999006800354
AStar,69,LL,0.4144000122323632
Prims,69,BMH,5.027600011089817
Prims,69,LL,6.775699992431328
AStar,70,BMH,0.4796000139322132
AStar,70,LL,0.4251000063959509
Prims,70,BMH,5.354099994292483
Prims,70,LL,6.945599976461381
AStar,71,BMH,0.5157999985385686
AStar,71,LL,0.46369998017326
Prims,71,BMH,5.254600022453815
Prims,71,LL,7.311099994694814
AStar,72,BMH,0.4920000210404396
AStar,72,LL,0.5090999766252935
Prims,72,BMH,5.480299994815141
Prims,72,LL,7.15620000846684
AStar,73,BMH,0.41619999683462083
AStar,73,LL,0.43569999979808927
Prims,73,BMH,5.4561999859288335
Prims,73,LL,7.532999996328726
AStar,74,BMH,0.45560000580735505
AStar,74,LL,0.6542000046465546
Prims,74,BMH,5.513500014785677
Prims,74,LL,7.756500010145828
AStar,75,BMH,2.5424000050406903
AStar,75,LL,2.7771999884862453
Prims,75,BMH,5.7416000054217875
Prims,75,LL,7.6421000121627
AStar,76,BMH,0.5443999834824353
AStar,76,LL,0.49270002637058496
Prims,76,BMH,7.652300002519041
Prims,76,LL,8.574799983762205
AStar,77,BMH,0.5697000015061349
AStar,77,LL,0.6921000021975487
Prims,77,BMH,6.965900014620274
Prims,77,LL,8.065100002568215
AStar,78,BMH,0.5758999905083328
AStar,78,LL,0.5382999952416867
Prims,78,BMH,6.48939999518916
Prims,78,LL,8.649299998069182
AStar,79,BMH,0.5935000081080943
AStar,79,LL,0.5209000082686543
Prims,79,BMH,6.5591000020504
Prims,79,LL,8.857499982696027
AStar,80,BMH,0.4912999866064638
AStar,80,LL,0.510600017150864
Prims,80,BMH,6.379600003128871
Prims,80,LL,8.724100014660507
AStar,81,BMH,0.5061999836470932
AStar,81,LL,0.5208999791648239
Prims,81,BMH,6.270300014875829
Prims,81,LL,9.006300009787083
AStar,82,BMH,0.5014000053051859
AStar,82,LL,0.44940001680515707
Prims,82,BMH,6.371600000420585
Prims,82,LL,10.344999987864867
AStar,83,BMH,0.6282000103965402
AStar,83,LL,0.5750000127591193
Prims,83,BMH,6.738500000210479
Prims,83,LL,9.636200004024431
AStar,84,BMH,0.43650000588968396
AStar,84,LL,0.45129997306503356
Prims,84,BMH,6.89089999650605
Prims,84,LL,10.256000008666888
AStar,85,BMH,0.6235000037122518
AStar,85,LL,0.5039999959990382
Prims,85,BMH,7.012199988821521
Prims,85,LL,9.338800009572878
AStar,86,BMH,0.5590000073425472
AStar,86,LL,0.5058000097051263
Prims,86,BMH,7.224000000860542
Prims,86,LL,9.989099984522909
AStar,87,BMH,0.4737999988719821
AStar,87,LL,0.426900020102039
Prims,87,BMH,7.140799978515133
Prims,87,LL,9.903799975290895
AStar,88,BMH,0.5246000073384494
AStar,88,LL,0.4751000087708235
Prims,88,BMH,7.241599989356473
Prims,88,LL,14.58640000782907
AStar,89,BMH,0.5828000139445066
AStar,89,LL,0.5620000010821968
Prims,89,BMH,9.622399986255914
Prims,89,LL,10.47060001292266
AStar,90,BMH,0.6312000041361898
AStar,90,LL,0.5760999920312315
Prims,90,BMH,7.8292000107467175
Prims,90,LL,11.375199974281713
AStar,91,BMH,0.599299994064495
AStar,91,LL,0.5409000150393695
Prims,91,BMH,8.749500004341826
Prims,91,LL,12.5343999825418
AStar,92,BMH,1.510500005679205
AStar,92,LL,1.4955000078771263
Prims,92,BMH,7.8307000221684575
Prims,92,LL,11.330599983921275
AStar,93,BMH,0.5993999948259443
AStar,93,LL,0.5457999941427261
Prims,93,BMH,7.890200009569526
Prims,93,LL,13.361599994823337
AStar,94,BMH,0.5784999812021852
AStar,94,LL,0.5930999759584665
Prims,94,BMH,8.037099993089214
Prims,94,LL,13.492099998984486
AStar,95,BMH,1.0065000096801668
AStar,95,LL,1.211499999044463
Prims,95,BMH,11.980999988736585
Prims,95,LL,15.115799993509427
AStar,96,BMH,0.7530000002589077
AStar,96,LL,0.7411999977193773
Prims,96,BMH,9.956099995179102
Prims,96,LL,15.217300009680912
AStar,97,BMH,0.7221999985631555
AStar,97,LL,0.8171000226866454
Prims,97,BMH,16.769200010458007
Prims,97,LL,20.241399994120002
AStar,98,BMH,0.7681999995838851
AStar,98,LL,0.7551999879069626
Prims,98,BMH,9.862400009296834
Prims,98,LL,20.775500015588477
AStar,99,BMH,1.091100013582036
AStar,99,LL,0.8874000050127506
Prims,99,BMH,16.386199975386262
Prims,99,LL,26.091699983226135
AStar,100,BMH,0.7628999883309007
AStar,100,LL,0.6415999960154295
Prims,100,BMH,16.55390000087209
Prims,100,LL,27.11339999223128
AStar,101,BMH,0.6348000024445355
AStar,101,LL,0.7364999910350889
Prims,101,BMH,9.265700005926192
Prims,101,LL,14.131999982055277
AStar,102,BMH,0.6581000052392483
AStar,102,LL,0.6312000041361898
Prims,102,BMH,9.119099995587021
Prims,102,LL,13.941499986685812
AStar,103,BMH,0.611299998126924
AStar,103,LL,0.7671999919693917
Prims,103,BMH,11.76100000157021
Prims,103,LL,16.792999987956136
AStar,104,BMH,0.7009000109974295
AStar,104,LL,0.6381999992299825
Prims,104,BMH,17.29499999783002
Prims,104,LL,17.464200005633757
AStar,105,BMH,2.8144999814685434
AStar,105,LL,3.0163000046741217
Prims,105,BMH,9.976200002711266
Prims,105,LL,16.17170000099577
AStar,106,BMH,0.9071000094991177
AStar,106,LL,0.8860999951139092
Prims,106,BMH,9.412399987922981
Prims,106,LL,14.761599974008277
AStar,107,BMH,0.6482000171672553
AStar,107,LL,0.6604999944102019
Prims,107,BMH,9.449500008486211
Prims,107,LL,16.14059999701567
AStar,108,BMH,0.6273000035434961
AStar,108,LL,0.5804999964311719
Prims,108,BMH,9.756800020113587
Prims,108,LL,15.542699984507635
AStar,109,BMH,0.5938000103924423
AStar,109,LL,0.6121000042185187
Prims,109,BMH,9.731900005135685
Prims,109,LL,16.199300007428974
AStar,110,BMH,0.8045000140555203
AStar,110,LL,0.7826999935787171
Prims,110,BMH,10.121300001628697
Prims,110,LL,17.138600000180304
AStar,111,BMH,1.3394999841693789
AStar,111,LL,1.3190000026952475
Prims,111,BMH,12.156100012362003
Prims,111,LL,19.21800000127405
AStar,112,BMH,0.6233000021893531
AStar,112,LL,0.6001000001560897
Prims,112,BMH,10.424899985082448
Prims,112,LL,21.29779997630976
AStar,113,BMH,0.735800014808774
AStar,113,LL,0.7207999879028648
Prims,113,BMH,12.30030000442639
Prims,113,LL,17.987200000789016
AStar,114,BMH,0.6996000010985881
AStar,114,LL,0.7052000146359205
Prims,114,BMH,10.808799997903407
Prims,114,LL,18.689599994104356
AStar,115,BMH,0.8682000043336302
AStar,115,LL,0.7480000203941017
Prims,115,BMH,10.482200013939291
Prims,115,LL,17.523299989989027
AStar,116,BMH,0.7995000050868839
AStar,116,LL,0.7711999933235347
Prims,116,BMH,10.597099986625835
Prims,116,LL,17.966599989449605
AStar,117,BMH,0.7336999988183379
AStar,117,LL,0.6774999783374369
Prims,117,BMH,10.85869999951683
Prims,117,LL,18.910900020273402
AStar,118,BMH,0.7347000064328313
AStar,118,LL,0.7158999796956778
Prims,118,BMH,10.942399996565655
Prims,118,LL,18.583099998068064
AStar,119,BMH,0.8127999899443239
AStar,119,LL,0.7152000034693629
Prims,119,BMH,12.643800000660121
Prims,119,LL,21.629399998346344
AStar,120,BMH,2.0136999955866486
AStar,120,LL,1.9232999766245484
Prims,120,BMH,11.714299995219335
Prims,120,LL,19.54379997914657
AStar,121,BMH,0.8464000129606575
AStar,121,LL,0.8006000134628266
Prims,121,BMH,11.483499984024093
Prims,121,LL,21.15139999659732
AStar,122,BMH,0.7034000009298325
AStar,122,LL,0.6447999912779778
Prims,122,BMH,11.996999994153157
Prims,122,LL,21.555399987846613
AStar,123,BMH,0.762099982239306
AStar,123,LL,0.7428999815601856
Prims,123,BMH,11.692500003846362
Prims,123,LL,20.594600006006658
AStar,124,BMH,0.7749999931547791
AStar,124,LL,0.7202000124379992
Prims,124,BMH,13.447899982566014
Prims,124,LL,21.232099999906495
AStar,125,BMH,2.892799995606765
AStar,125,LL,2.7227000100538135
Prims,125,BMH,11.735099978977814
Prims,125,LL,21.853000012924895
AStar,126,BMH,0.7828999951016158
AStar,126,LL,0.7763000030536205
Prims,126,BMH,11.92399999126792
Prims,126,LL,21.161500015296042
AStar,127,BMH,0.7892999856267124
AStar,127,LL,0.7613000052515417
Prims,127,BMH,11.926100007258356
Prims,127,LL,22.53069999278523
AStar,128,BMH,0.8114999800454825
AStar,128,LL,0.7804000051692128
Prims,128,BMH,12.317400018218905
Prims,128,LL,23.72070000274107
AStar,129,BMH,0.9172999998554587
AStar,129,LL,1.0092000011354685
Prims,129,BMH,12.621199974091724
Prims,129,LL,22.357800015015528
AStar,130,BMH,0.7341000018641353
AStar,130,LL,0.6797000241931528
Prims,130,BMH,12.429800000973046
Prims,130,LL,23.186400008853525
AStar,131,BMH,0.8830000006128103
AStar,131,LL,0.8581000147387385
Prims,131,BMH,13.21890001418069
Prims,131,LL,25.96219998667948
AStar,132,BMH,0.9061999735422432
AStar,132,LL,0.8229999803006649
Prims,132,BMH,12.365200003841892
Prims,132,LL,21.890000003622845
AStar,133,BMH,0.9608999826014042
AStar,133,LL,0.9391999919898808
Prims,133,BMH,12.699599988991395
Prims,133,LL,22.950599988689646
AStar,134,BMH,0.8981999999377877
AStar,134,LL,0.7353000110015273
Prims,134,BMH,12.940999993588775
Prims,134,LL,24.89969998714514
AStar,135,BMH,0.8359999919775873
AStar,135,LL,0.8182000019587576
Prims,135,BMH,13.474599982146174
Prims,135,LL,23.863900016294792
AStar,136,BMH,0.7781999884173274
AStar,136,LL,0.7204000139608979
Prims,136,BMH,13.65879998775199
Prims,136,LL,24.62860001833178
AStar,137,BMH,0.8846000127959996
AStar,137,LL,0.8963999862316996
Prims,137,BMH,13.799200009088963
Prims,137,LL,22.827400011010468
AStar,138,BMH,0.7723000016994774
AStar,138,LL,0.7551000162493438
Prims,138,BMH,13.507299998309463
Prims,138,LL,27.124499989440665
AStar,139,BMH,1.053999993018806
AStar,139,LL,0.9409000049345195
Prims,139,BMH,14.326500007882714
Prims,139,LL,28.351300017675385
AStar,140,BMH,0.9524000051897019
AStar,140,LL,0.9189000120386481
Prims,140,BMH,14.494400005787611
Prims,140,LL,26.516599988099188
AStar,141,BMH,1.0491999855730683
AStar,141,LL,0.9228000126313418
Prims,141,BMH,14.045899995835498
Prims,141,LL,26.547999994363636
AStar,142,BMH,0.9417999826837331
AStar,142,LL,0.9269999864045531
Prims,142,BMH,14.35519999358803
Prims,142,LL,32.71820000372827
AStar,143,BMH,0.7031999994069338
AStar,143,LL,1.0927999974228442
Prims,143,BMH,14.877700014039874
Prims,143,LL,29.28069999325089
AStar,144,BMH,0.8930999902077019
AStar,144,LL,0.8639000006951392
Prims,144,BMH,14.539700001478195
Prims,144,LL,37.13589999824762
AStar,145,BMH,0.893999997060746
AStar,145,LL,0.9785000002011657
Prims,145,BMH,18.1262000114657
Prims,145,LL,32.60859998408705
AStar,146,BMH,0.9592999995220453
AStar,146,LL,1.9576000049710274
Prims,146,BMH,17.593399999896064
Prims,146,LL,35.47430000617169
AStar,147,BMH,0.9979000024031848
AStar,147,LL,0.8779999916441739
Prims,147,BMH,21.545199997490272
Prims,147,LL,41.498899983707815
AStar,148,BMH,3.3631999976933002
AStar,148,LL,4.430600005434826
Prims,148,BMH,18.84299999801442
Prims,148,LL,35.031699982937425
AStar,149,BMH,8.390999981202185
AStar,149,LL,5.5936000135261565
Prims,149,BMH,18.9881999976933
Prims,149,LL,31.680299987783656
AStar,150,BMH,0.9473999962210655
AStar,150,LL,0.889600021764636
Prims,150,BMH,15.451500017661601
Prims,150,LL,34.01580001809634
AStar,151,BMH,1.0323000024072826
AStar,151,LL,0.759899994591251
Prims,151,BMH,16.627299977699295
Prims,151,LL,31.348699994850904
AStar,152,BMH,0.9262000094167888
AStar,152,LL,0.902600004337728
Prims,152,BMH,15.594500000588596
Prims,152,LL,32.092300010845065
AStar,153,BMH,0.9976000001188368
AStar,153,LL,0.9170999983325601
Prims,153,BMH,18.33920000353828
Prims,153,LL,51.49310000706464
AStar,154,BMH,1.2462000013329089
AStar,154,LL,1.4959999825805426
Prims,154,BMH,25.361500011058524
Prims,154,LL,62.158700020518154
AStar,155,BMH,1.2399999832268804
AStar,155,LL,1.2370000185910612
Prims,155,BMH,30.514399986714125
Prims,155,LL,62.04700001399033
AStar,156,BMH,1.21640000725165
AStar,156,LL,1.0947000118903816
Prims,156,BMH,29.751800000667572
Prims,156,LL,62.11200001416728
AStar,157,BMH,0.975500006461516
AStar,157,LL,1.2391999771352857
Prims,157,BMH,28.974899993045256
Prims,157,LL,50.985700014280155
AStar,158,BMH,0.9234999888576567
AStar,158,LL,1.1362999794073403
Prims,158,BMH,30.913399998098612
Prims,158,LL,60.989399993559346
AStar,159,BMH,1.4819999923929572
AStar,159,LL,1.6110999858938158
Prims,159,BMH,34.301500010769814
Prims,159,LL,78.96830001845956
AStar,160,BMH,1.1386999976821244
AStar,160,LL,1.0189999884460121
Prims,160,BMH,33.85129998787306
Prims,160,LL,59.49799998779781
AStar,161,BMH,1.3027999957557768
AStar,161,LL,1.2956999999005347
Prims,161,BMH,31.764600018505007
Prims,161,LL,62.063499994110316
AStar,162,BMH,1.2101999891456217
AStar,162,LL,1.4973999932408333
Prims,162,BMH,32.60420000879094
Prims,162,LL,86.78719997988082
AStar,163,BMH,1.525300001958385
AStar,163,LL,1.209999987622723
Prims,163,BMH,60.81439999979921
Prims,163,LL,66.36100000469014
AStar,164,BMH,2.6005000108852983
AStar,164,LL,2.358600002480671
Prims,164,BMH,32.04739998909645
Prims,164,LL,60.65300002228469
AStar,165,BMH,1.2805999722331762
AStar,165,LL,1.1906000145245343
Prims,165,BMH,34.10329998587258
Prims,165,LL,63.60919997678138
AStar,166,BMH,1.1138000118080527
AStar,166,LL,1.3893000141251832
Prims,166,BMH,37.227399996481836
Prims,166,LL,59.91799998446368
AStar,167,BMH,1.0363999754190445
AStar,167,LL,1.0163999977521598
Prims,167,BMH,18.09949998278171
Prims,167,LL,37.645200005499646
AStar,168,BMH,1.0152999893762171
AStar,168,LL,1.1626000050455332
Prims,168,BMH,17.972200002986938
Prims,168,LL,39.81660000863485
AStar,169,BMH,1.1549000046215951
AStar,169,LL,1.1051000037696213
Prims,169,BMH,18.185799999628216
Prims,169,LL,38.22059999220073
AStar,170,BMH,1.0181000106967986
AStar,170,LL,0.995899987174198
Prims,170,BMH,18.714899983024225
Prims,170,LL,38.41749997809529
AStar,171,BMH,1.2193000002298504
AStar,171,LL,1.4566000027116388
Prims,171,BMH,18.670700024813414
Prims,171,LL,41.41480001271702
AStar,172,BMH,1.057300018146634
AStar,172,LL,1.2005000025965273
Prims,172,BMH,18.566800019470975
Prims,172,LL,39.01810001116246
AStar,173,BMH,1.0355999984312803
AStar,173,LL,1.0131000017281622
Prims,173,BMH,19.328299997141585
Prims,173,LL,44.671000010566786
AStar,174,BMH,1.1417999921832234
AStar,174,LL,1.1147999903187156
Prims,174,BMH,19.32150000357069
Prims,174,LL,42.24770001019351
AStar,175,BMH,0.9641999786254019
AStar,175,LL,0.9378999820910394
Prims,175,BMH,19.207200006349012
Prims,175,LL,41.44539998378605
AStar,176,BMH,0.9790000040084124
AStar,176,LL,0.9557000012136996
Prims,176,BMH,19.442499993601814
Prims,176,LL,45.1335999823641
AStar,177,BMH,1.1337999894749373
AStar,177,LL,1.7767999961506575
Prims,177,BMH,22.11599997826852
Prims,177,LL,48.77549997763708
AStar,178,BMH,1.0790000087581575
AStar,178,LL,0.9181999776046723
Prims,178,BMH,23.0522999772802
Prims,178,LL,58.46159998327494
AStar,179,BMH,1.1839999933727086
AStar,179,LL,1.7588000046089292
Prims,179,BMH,24.229200003901497
Prims,179,LL,51.93489999510348
AStar,180,BMH,1.6808000218588859
AStar,180,LL,1.4659000153187662
Prims,180,BMH,24.27150000585243
Prims,180,LL,57.69240000518039
AStar,181,BMH,1.431700016837567
AStar,181,LL,1.3739000132773072
Prims,181,BMH,26.9650999980513
Prims,181,LL,52.310099999886006
AStar,182,BMH,1.372400001855567
AStar,182,LL,1.1958999966736883
Prims,182,BMH,24.872400012100115
Prims,182,LL,56.2701000017114
AStar,183,BMH,1.0630000033415854
AStar,183,LL,1.0375999845564365
Prims,183,BMH,26.521299994783476
Prims,183,LL,54.49540002155118
AStar,184,BMH,1.648300007218495
AStar,184,LL,1.4267000078689307
Prims,184,BMH,29.705900000408292
Prims,184,LL,51.278900005854666
AStar,185,BMH,1.3030999980401248
AStar,185,LL,1.2820999836549163
Prims,185,BMH,25.472300010733306
Prims,185,LL,65.29229998704977
AStar,186,BMH,1.1682999902404845
AStar,186,LL,1.4258000010158867
Prims,186,BMH,25.63940000254661
Prims,186,LL,55.16879999777302
AStar,187,BMH,1.1411000159569085
AStar,187,LL,1.1163000017404556
Prims,187,BMH,22.65229998738505
Prims,187,LL,51.64620000869036
AStar,188,BMH,1.248600019607693
AStar,188,LL,2.384799998253584
Prims,188,BMH,23.26859999448061
Prims,188,LL,53.93220001133159
AStar,189,BMH,1.3666000158991665
AStar,189,LL,1.2321000103838742
Prims,189,BMH,25.601400004234165
Prims,189,LL,50.66040001111105
AStar,190,BMH,1.6413000121247023
AStar,190,LL,1.8510999798309058
Prims,190,BMH,30.162100010784343
Prims,190,LL,72.87890001316555
AStar,191,BMH,1.2553999840747565
AStar,191,LL,1.2143000203650445
Prims,191,BMH,29.363600013311952
Prims,191,LL,68.65189998643473
AStar,192,BMH,1.9496000022627413
AStar,192,LL,1.8331999890506268
Prims,192,BMH,31.761599995661527
Prims,192,LL,63.674100005300716
AStar,193,BMH,3.0744000105187297
AStar,193,LL,3.0420999974012375
Prims,193,BMH,24.243099993327633
Prims,193,LL,55.70959998294711
AStar,194,BMH,2.28760001482442
AStar,194,LL,1.3241000124253333
Prims,194,BMH,23.551099991891533
Prims,194,LL,83.2759999902919
AStar,195,BMH,1.640600006794557
AStar,195,LL,1.8999000021722168
Prims,195,BMH,41.670999984489754
Prims,195,LL,90.1474000129383
AStar,196,BMH,1.3620000099763274
AStar,196,LL,1.3956000038888305
Prims,196,BMH,38.70659999665804
Prims,196,LL,67.37159998738207
AStar,197,BMH,1.0815999994520098
AStar,197,LL,1.057399989804253
Prims,197,BMH,23.419400007696822
Prims,197,LL,54.96350000612438
AStar,198,BMH,1.1707999801728874
AStar,198,LL,1.1500999971758574
Prims,198,BMH,23.734300018986687
Prims,198,LL,53.255399980116636
AStar,199,BMH,1.3378000003285706
AStar,199,LL,1.5342000115197152
Prims,199,BMH,29.047299991361797
Prims,199,LL,58.40159999206662
AStar,200,BMH,1.355199987301603
AStar,200,LL,1.4567000034730881
Prims,200,BMH,24.491599993780255
Prims,200,LL,65.82849999540485
AStar,201,BMH,1.4386999828275293
AStar,201,LL,1.264099992113188
Prims,201,BMH,23.873800004366785
Prims,201,LL,58.79730000742711
AStar,202,BMH,1.4804000093135983
AStar,202,LL,1.3050000125076622
Prims,202,BMH,25.54880001116544
Prims,202,LL,58.242500002961606
AStar,203,BMH,1.4127999893389642
AStar,203,LL,1.4238000148907304
Prims,203,BMH,24.023400008445606
Prims,203,LL,57.97700001858175
AStar,204,BMH,1.3848999806214124
AStar,204,LL,1.2817000097129494
Prims,204,BMH,24.677000008523464
Prims,204,LL,58.623399992939085
AStar,205,BMH,1.176000019768253
AStar,205,LL,1.5503999893553555
Prims,205,BMH,30.72400001110509
Prims,205,LL,78.17180000711232
AStar,206,BMH,1.4087000163272023
AStar,206,LL,1.4076999796088785
Prims,206,BMH,31.131199997616932
Prims,206,LL,67.72519997321069
AStar,207,BMH,1.2771000037901103
AStar,207,LL,1.2471999798435718
Prims,207,BMH,41.9633999990765
Prims,207,LL,58.43249999452382
AStar,208,BMH,1.2573999993037432
AStar,208,LL,1.2051000085193664
Prims,208,BMH,24.903399986214936
Prims,208,LL,61.82480001007207
AStar,209,BMH,1.137699990067631
AStar,209,LL,1.111799996579066
Prims,209,BMH,25.710899994010106
Prims,209,LL,69.2949999938719
AStar,210,BMH,1.3350000081118196
AStar,210,LL,1.347499986877665
Prims,210,BMH,32.8688999870792
Prims,210,LL,67.70519999554381
AStar,211,BMH,1.3984999968670309
AStar,211,LL,1.3257999962661415
Prims,211,BMH,27.105499990284443
Prims,211,LL,70.55209999089129
AStar,212,BMH,7.1291999774985015
AStar,212,LL,6.928799994057044
Prims,212,BMH,31.33460000390187
Prims,212,LL,68.74450002214871
AStar,213,BMH,1.7470999737270176
AStar,213,LL,1.4733999851159751
Prims,213,BMH,27.301800000714138
Prims,213,LL,64.52310000895523
AStar,214,BMH,1.4909000019542873
AStar,214,LL,1.2496999988798052
Prims,214,BMH,26.549800008069724
Prims,214,LL,64.32259999564849
AStar,215,BMH,2.477400004863739
AStar,215,LL,2.3361000057775527
Prims,215,BMH,26.552800001809373
Prims,215,LL,64.08850001753308
AStar,216,BMH,1.2729000009130687
AStar,216,LL,1.2521999888122082
Prims,216,BMH,27.124299987917766
Prims,216,LL,65.00800000503659
AStar,217,BMH,1.4856999914627522
AStar,217,LL,1.7291999829467386
Prims,217,BMH,27.945400011958554
Prims,217,LL,71.31470000604168
AStar,218,BMH,1.3883999781683087
AStar,218,LL,1.2987999944016337
Prims,218,BMH,27.171899972017854
Prims,218,LL,74.22360000782646
AStar,219,BMH,3.6333000170998275
AStar,219,LL,2.9897000058554113
Prims,219,BMH,49.61720001301728
Prims,219,LL,84.73329999833368
AStar,220,BMH,1.4686000067740679
AStar,220,LL,1.3682999997399747
Prims,220,BMH,28.832999989390373
Prims,220,LL,67.0891999907326
AStar,221,BMH,1.3750999933108687
AStar,221,LL,1.276399998459965
Prims,221,BMH,27.481200027978048
Prims,221,LL,70.82839999930002
AStar,222,BMH,1.2083000037819147
AStar,222,LL,1.2020000140182674
Prims,222,BMH,28.399100003298372
Prims,222,LL,81.88410001457669
AStar,223,BMH,1.3978999922983348
AStar,223,LL,1.44749999162741
Prims,223,BMH,32.382700010202825
Prims,223,LL,71.90999999875203
AStar,224,BMH,1.1417999921832234
AStar,224,LL,1.2092000106349587
Prims,224,BMH,28.876800002763048
Prims,224,LL,76.28400000976399
AStar,225,BMH,2.046300010988489
AStar,225,LL,2.7426000160630792
Prims,225,BMH,43.70890001882799
Prims,225,LL,121.42040001344867
AStar,226,BMH,2.57800001418218
AStar,226,LL,1.6160000232048333
Prims,226,BMH,56.31560002802871
Prims,226,LL,130.51079999422655
AStar,227,BMH,1.426500006346032
AStar,227,LL,1.6008999955374748
Prims,227,BMH,55.31310001970269
Prims,227,LL,138.59379998757504
AStar,228,BMH,1.9229000026825815
AStar,228,LL,1.89200000022538
Prims,228,BMH,51.120699994498864
Prims,228,LL,88.13319998444058
AStar,229,BMH,1.6910000122152269
AStar,229,LL,1.5164999931585044
Prims,229,BMH,36.8562999938149
Prims,229,LL,86.65619997191243
AStar,230,BMH,1.4106999733485281
AStar,230,LL,1.3739000132773072
Prims,230,BMH,31.729700014693663
Prims,230,LL,83.25349999358878
AStar,231,BMH,2.3241999733727425
AStar,231,LL,2.2717000101692975
Prims,231,BMH,34.67689998797141
Prims,231,LL,83.51959998253733
AStar,232,BMH,1.4644000038970262
AStar,232,LL,1.3236000086180866
Prims,232,BMH,34.44119999767281
Prims,232,LL,94.22450000420213
AStar,233,BMH,1.6673999780323356
AStar,233,LL,1.3897999888285995
Prims,233,BMH,30.553999997209758
Prims,233,LL,79.50500000151806
AStar,234,BMH,1.3844000059179962
AStar,234,LL,1.5538999869022518
Prims,234,BMH,36.732699983986095
Prims,234,LL,78.69960000971332
AStar,235,BMH,1.2744000123348087
AStar,235,LL,1.3589000154752284
Prims,235,BMH,30.246500013163313
Prims,235,LL,86.97509998455644
AStar,236,BMH,1.5372000052593648
AStar,236,LL,1.2769000022672117
Prims,236,BMH,32.15339998132549
Prims,236,LL,79.28959999117069
AStar,237,BMH,1.785500004189089
AStar,237,LL,1.7722999909892678
Prims,237,BMH,31.63529999437742
Prims,237,LL,78.1682999804616
AStar,238,BMH,1.559700001962483
AStar,238,LL,1.3795999984722584
Prims,238,BMH,30.50349999102764
Prims,238,LL,75.16310000210069
AStar,239,BMH,1.2952999968547374
AStar,239,LL,1.2557999871205539
Prims,239,BMH,31.734899996081367
Prims,239,LL,76.39790000393987
AStar,240,BMH,2.7751000015996397
AStar,240,LL,2.7735000185202807
Prims,240,BMH,31.283599993912503
Prims,240,LL,85.42650000890717
AStar,241,BMH,1.40460001421161
AStar,241,LL,1.414800004567951
Prims,241,BMH,31.518699979642406
Prims,241,LL,81.01399999577552
AStar,242,BMH,1.581599994096905
AStar,242,LL,1.5321999962907284
Prims,242,BMH,31.530599982943386
Prims,242,LL,82.21819999744184
AStar,243,BMH,5.14560000738129
AStar,243,LL,4.982199985533953
Prims,243,BMH,31.989599985536188
Prims,243,LL,112.84529999829829
AStar,244,BMH,2.359999984037131
AStar,244,LL,1.720000000204891
Prims,244,BMH,36.71980000217445
Prims,244,LL,119.07810001866892
AStar,245,BMH,11.35799998883158
AStar,245,LL,13.090799999190494
Prims,245,BMH,49.307200009934604
Prims,245,LL,85.89669998036698
AStar,246,BMH,1.577500021085143
AStar,246,LL,1.5370000037364662
Prims,246,BMH,38.516400003572926
Prims,246,LL,139.4340000115335
AStar,247,BMH,1.7651999951340258
AStar,247,LL,1.7075999930966645
Prims,247,BMH,37.860199983697385
Prims,247,LL,158.7186999968253
AStar,248,BMH,3.0704000091645867
AStar,248,LL,3.705400013132021
Prims,248,BMH,55.81910000182688
Prims,248,LL,125.9964999917429
AStar,249,BMH,1.4569000049959868
AStar,249,LL,1.4187000051606447
Prims,249,BMH,34.67389999423176
Prims,249,LL,87.63490000274032
AStar,250,BMH,1.4635999978054315
AStar,250,LL,1.4704999921377748
Prims,250,BMH,48.8140000088606
Prims,250,LL,88.26489999773912
AStar,251,BMH,1.6936000029090792
AStar,251,LL,1.4540999836754054
Prims,251,BMH,33.070099976612255
Prims,251,LL,92.23839998594485
AStar,252,BMH,1.6558999777771533
AStar,252,LL,1.6860000032465905
Prims,252,BMH,48.538300005020574
Prims,252,LL,105.24569998960942
AStar,253,BMH,2.007300005061552
AStar,253,LL,1.4106000016909093
Prims,253,BMH,46.18920001666993
Prims,253,LL,111.67749998276122
AStar,254,BMH,9.473999991314486
AStar,254,LL,9.519200015347451
Prims,254,BMH,75.16139998915605
Prims,254,LL,114.05500001274049
AStar,255,BMH,5.7027000002563
AStar,255,LL,5.913599976338446
Prims,255,BMH,36.16859999601729
Prims,255,LL,134.58220000029542
AStar,256,BMH,1.858700008597225
AStar,256,LL,3.36770000285469
Prims,256,BMH,75.7193999888841
Prims,256,LL,175.77229999005795
AStar,257,BMH,1.6328000056091696
AStar,257,LL,1.6064000083133578
Prims,257,BMH,36.677700001746416
Prims,257,LL,104.13079999852926
AStar,258,BMH,1.278800016734749
AStar,258,LL,1.2597999884746969
Prims,258,BMH,35.42480000760406
Prims,258,LL,99.20160000910982
AStar,259,BMH,1.6730999923311174
AStar,259,LL,2.549400000134483
Prims,259,BMH,68.42520000645891
Prims,259,LL,188.34990001050755
AStar,260,BMH,2.8329000051598996
AStar,260,LL,1.5987999795470387
Prims,260,BMH,37.8037000191398
Prims,260,LL,121.73139999504201
AStar,261,BMH,1.786400011042133
AStar,261,LL,1.9898999889846891
Prims,261,BMH,65.68780000088736
Prims,261,LL,172.66319997725077
AStar,262,BMH,3.330400009872392
AStar,262,LL,3.2968000159598887
Prims,262,BMH,56.708999996772036
Prims,262,LL,118.99210000410676
AStar,263,BMH,1.8495000258553773
AStar,263,LL,1.8597999878693372
Prims,263,BMH,39.0594000054989
Prims,263,LL,98.42829999979585
AStar,264,BMH,1.9398999866098166
AStar,264,LL,2.9569999896921217
Prims,264,BMH,42.216300003929064
Prims,264,LL,118.52240000735037
AStar,265,BMH,1.4325999945867807
AStar,265,LL,1.5682000084780157
Prims,265,BMH,42.75150000466965
Prims,265,LL,136.32300001336262
AStar,266,BMH,2.2453999845311046
AStar,266,LL,1.656699983868748
Prims,266,BMH,40.261699992697686
Prims,266,LL,102.76429998339154
AStar,267,BMH,1.73789999098517
AStar,267,LL,1.780200022039935
Prims,267,BMH,52.403599984245375
Prims,267,LL,183.68370001553558
AStar,268,BMH,1.9222999981138855
AStar,268,LL,1.9499000045470893
Prims,268,BMH,43.16319999634288
Prims,268,LL,159.9497999995947
AStar,269,BMH,1.7625000036787242
AStar,269,LL,1.6496000171173364
Prims,269,BMH,49.25290000392124
Prims,269,LL,169.64899998856708
AStar,270,BMH,1.5683999808970839
AStar,270,LL,1.4430000155698508
Prims,270,BMH,42.887399991741404
Prims,270,LL,143.54079999611713
AStar,271,BMH,2.0434999896679074
AStar,271,LL,1.8410000193398446
Prims,271,BMH,50.84380001062527
Prims,271,LL,130.103000003146
AStar,272,BMH,2.1715999755542725
AStar,272,LL,1.9758999987971038
Prims,272,BMH,61.54919997788966
Prims,272,LL,186.15980001050048
AStar,273,BMH,2.0573000074364245
AStar,273,LL,2.646300010383129
Prims,273,BMH,68.06049999431707
Prims,273,LL,133.3145999815315
AStar,274,BMH,1.7664000042714179
AStar,274,LL,1.6251000051852316
Prims,274,BMH,52.300100011052564
Prims,274,LL,127.19820000347681
AStar,275,BMH,1.840800017816946
AStar,275,LL,1.947099983226508
Prims,275,BMH,40.99410001072101
Prims,275,LL,168.02280000410974
AStar,276,BMH,4.931000003125519
AStar,276,LL,4.615499987266958
Prims,276,BMH,47.02810000162572
Prims,276,LL,157.55130001343787
AStar,277,BMH,2.4658000038471073
AStar,277,LL,2.2481000050902367
Prims,277,BMH,77.4991000071168
Prims,277,LL,178.55700000654906
AStar,278,BMH,4.860799992457032
AStar,278,LL,4.531799990218133
Prims,278,BMH,49.20599999604747
Prims,278,LL,157.17019999283366
AStar,279,BMH,1.928200013935566
AStar,279,LL,1.8902999872807413
Prims,279,BMH,58.091299986699596
Prims,279,LL,150.59430000837892
AStar,280,BMH,1.964299997780472
AStar,280,LL,2.0409999997355044
Prims,280,BMH,48.92380000092089
Prims,280,LL,163.14540000166744
AStar,281,BMH,3.3900999987963587
AStar,281,LL,3.3232000132557005
Prims,281,BMH,49.60080000455491
Prims,281,LL,133.55590001447126
AStar,282,BMH,5.714900005841628
AStar,282,LL,5.709899996872991
Prims,282,BMH,42.318200023146346
Prims,282,LL,126.58850001753308
AStar,283,BMH,3.73810000019148
AStar,283,LL,3.486299974611029
Prims,283,BMH,45.524399989517406
Prims,283,LL,206.64960000431165
AStar,284,BMH,2.9477999778464437
AStar,284,LL,2.605999994557351
Prims,284,BMH,54.79460000060499
Prims,284,LL,155.47749999677762
AStar,285,BMH,1.9203999836463481
AStar,285,LL,1.781800005119294
Prims,285,BMH,51.911799993831664
Prims,285,LL,238.71040000813082
AStar,286,BMH,2.41650000680238
AStar,286,LL,2.471200015861541
Prims,286,BMH,61.91429999307729
Prims,286,LL,164.5857999974396
AStar,287,BMH,2.9904000111855567
AStar,287,LL,1.636000000871718
Prims,287,BMH,81.81770000373945
Prims,287,LL,205.27590002166107
AStar,288,BMH,1.8214000156149268
AStar,288,LL,1.7907999863382429
Prims,288,BMH,49.4499999913387
Prims,288,LL,130.76269999146461
AStar,289,BMH,1.9108999986201525
AStar,289,LL,1.9564999965950847
Prims,289,BMH,59.64769999263808
Prims,289,LL,145.76780001516454
AStar,290,BMH,12.069499993231148
AStar,290,LL,13.435500004561618
Prims,290,BMH,50.29270000522956
Prims,290,LL,149.97969998512417
AStar,291,BMH,2.0404999959282577
AStar,291,LL,2.1502999879885465
Prims,291,BMH,56.86099999002181
Prims,291,LL,152.7189000044018
AStar,292,BMH,2.6208000199403614
AStar,292,LL,2.4004000006243587
Prims,292,BMH,53.55280000367202
Prims,292,LL,141.3981999794487
AStar,293,BMH,2.9322999762371182
AStar,293,LL,2.2357999987434596
Prims,293,BMH,61.355499987257645
Prims,293,LL,147.30640000198036
AStar,294,BMH,2.0213999960105866
AStar,294,LL,1.7626999760977924
Prims,294,BMH,52.14109999360517
Prims,294,LL,129.95949998730794
AStar,295,BMH,3.1116000027395785
AStar,295,LL,2.596700011054054
Prims,295,BMH,53.82560001453385
Prims,295,LL,162.31860002153553
AStar,296,BMH,1.9277000101283193
AStar,296,LL,1.9126000115647912
Prims,296,BMH,53.138599992962554
Prims,296,LL,182.70410000695847
AStar,297,BMH,1.794799987692386
AStar,297,LL,1.763799984473735
Prims,297,BMH,54.037800000514835
Prims,297,LL,172.8939000167884
AStar,298,BMH,8.140499994624406
AStar,298,LL,8.05539998691529
Prims,298,BMH,46.12970000016503
Prims,298,LL,151.2053000042215
AStar,299,BMH,1.7779000045266002
AStar,299,LL,1.8446999893058091
Prims,299,BMH,48.0919000110589
Prims,299,LL,138.0944999982603
AStar,300,BMH,2.2016000002622604
AStar,300,LL,3.0747000128030777
Prims,300,BMH,67.3895999789238
Prims,300,LL,221.6263999871444
AStar,301,BMH,2.477400004863739
AStar,301,LL,2.969399996800348
Prims,301,BMH,57.17100002220832
Prims,301,LL,150.95239999936894
AStar,302,BMH,2.0231000089552253
AStar,302,LL,2.1634000004269183
Prims,302,BMH,56.599700008518994
Prims,302,LL,156.84340000734664
AStar,303,BMH,2.422099991235882
AStar,303,LL,2.590899995993823
Prims,303,BMH,46.989800001028925
Prims,303,LL,165.10529999504797
AStar,304,BMH,4.367499990621582
AStar,304,LL,4.458599985809997
Prims,304,BMH,61.60780001664534
Prims,304,LL,243.91320001450367
AStar,305,BMH,2.060399972833693
AStar,305,LL,2.041500003542751
Prims,305,BMH,63.925900001777336
Prims,305,LL,197.60410001617856
AStar,306,BMH,2.6231000083498657
AStar,306,LL,2.4611999979242682
Prims,306,BMH,102.65000001527369
Prims,306,LL,233.08189999079332
AStar,307,BMH,1.9309999770484865
AStar,307,LL,2.217400004155934
Prims,307,BMH,65.20790001377463
Prims,307,LL,169.568099983735
AStar,308,BMH,3.732500015757978
AStar,308,LL,3.4611000155564398
Prims,308,BMH,60.96679999609478
Prims,308,LL,153.35599999525584
AStar,309,BMH,1.7106999875977635
AStar,309,LL,1.7020000086631626
Prims,309,BMH,76.55110000632703
Prims,309,LL,150.9342000063043
AStar,310,BMH,1.6622999974060804
AStar,310,LL,1.669599994784221
Prims,310,BMH,59.679900004994124
Prims,310,LL,273.80269998684525
AStar,311,BMH,2.680599980521947
AStar,311,LL,2.842200017767027
Prims,311,BMH,80.84729997790419
Prims,311,LL,198.53570000850596
AStar,312,BMH,2.03719999990426
AStar,312,LL,2.0874000038020313
Prims,312,BMH,54.297299997415394
Prims,312,LL,158.60770002473146
AStar,313,BMH,1.8663000082597136
AStar,313,LL,1.7039000231307
Prims,313,BMH,75.93899997300468
Prims,313,LL,196.14600000204518
AStar,314,BMH,1.868500025011599
AStar,314,LL,1.8336999928578734
Prims,314,BMH,47.04100001254119
Prims,314,LL,156.77520001190715
AStar,315,BMH,1.981899986276403
AStar,315,LL,1.9622000108938664
Prims,315,BMH,50.443499989341944
Prims,315,LL,141.16079997620545
AStar,316,BMH,1.957500004209578
AStar,316,LL,1.8844000005628914
Prims,316,BMH,48.92060000565834
Prims,316,LL,152.84349999274127
AStar,317,BMH,2.235599997220561
AStar,317,LL,2.2455999860540032
Prims,317,BMH,91.23369998997077
Prims,317,LL,245.50789999193512
AStar,318,BMH,1.8533999973442405
AStar,318,LL,2.588500006822869
Prims,318,BMH,82.27400001487695
Prims,318,LL,213.6395999987144
AStar,319,BMH,1.9112000009045005
AStar,319,LL,2.046600013272837
Prims,319,BMH,60.54239999502897
Prims,319,LL,146.82990001165308
AStar,320,BMH,3.249800007324666
AStar,320,LL,3.2122999837156385
Prims,320,BMH,48.37979999138042
Prims,320,LL,159.03219999745488
AStar,321,BMH,1.894499990157783
AStar,321,LL,2.2828000073786825
Prims,321,BMH,62.521500018192455
Prims,321,LL,182.096200005617
AStar,322,BMH,2.5554000167176127
AStar,322,LL,2.5840000016614795
Prims,322,BMH,64.10550000146031
Prims,322,LL,221.4786999975331
AStar,323,BMH,7.716400024946779
AStar,323,LL,7.4757999973371625
Prims,323,BMH,64.80689998716116
Prims,323,LL,176.63140001241118
AStar,324,BMH,2.5209999876096845
AStar,324,LL,2.408500004094094
Prims,324,BMH,59.17269998462871
Prims,324,LL,165.8019000024069
AStar,325,BMH,2.0078000088687986
AStar,325,LL,2.0146000024396926
Prims,325,BMH,53.75140000251122
Prims,325,LL,165.76669999631122
AStar,326,BMH,2.7597000007517636
AStar,326,LL,2.287699986482039
Prims,326,BMH,59.36169999768026
Prims,326,LL,178.86290000751615
AStar,327,BMH,7.820500002708286
AStar,327,LL,8.918399980757385
Prims,327,BMH,63.300599984358996
Prims,327,LL,172.80159998335876
AStar,328,BMH,4.320799984270707
AStar,328,LL,5.182099994271994
Prims,328,BMH,57.049900002311915
Prims,328,LL,159.7053000004962
AStar,329,BMH,1.9457000016700476
AStar,329,LL,2.0124000147916377
Prims,329,BMH,54.17299998225644
Prims,329,LL,161.81359998881817
AStar,330,BMH,1.7473000043537468
AStar,330,LL,1.7510000034235418
Prims,330,BMH,53.69460000656545
Prims,330,LL,160.2642000070773
AStar,331,BMH,1.940299989655614
AStar,331,LL,2.091900008963421
Prims,331,BMH,51.63370000082068
Prims,331,LL,174.5513000059873
AStar,332,BMH,2.6277999859303236
AStar,332,LL,1.7881999956443906
Prims,332,BMH,65.44059998122975
Prims,332,LL,164.31250001187436
AStar,333,BMH,2.513499988708645
AStar,333,LL,2.306300011696294
Prims,333,BMH,65.63910000841133
Prims,333,LL,219.28070002468303
AStar,334,BMH,2.028899994911626
AStar,334,LL,2.310000010766089
Prims,334,BMH,65.3055000002496
Prims,334,LL,169.25700000138022
AStar,335,BMH,2.2056000016164035
AStar,335,LL,2.8153000166639686
Prims,335,BMH,70.18979999702424
Prims,335,LL,276.642200013157
AStar,336,BMH,2.0170999923720956
AStar,336,LL,1.9772000086959451
Prims,336,BMH,72.09819997660816
Prims,336,LL,213.76399998553097
AStar,337,BMH,2.201800001785159
AStar,337,LL,1.96460000006482
Prims,337,BMH,65.0037000013981
Prims,337,LL,187.3458999907598
AStar,338,BMH,1.8948000215459615
AStar,338,LL,1.8450999923516065
Prims,338,BMH,65.434499992989
Prims,338,LL,195.45989998732693
AStar,339,BMH,2.779200003715232
AStar,339,LL,2.5098999904002994
Prims,339,BMH,67.89129998651333
Prims,339,LL,216.1201999988407
AStar,340,BMH,2.509100013412535
AStar,340,LL,2.6086000143550336
Prims,340,BMH,90.70820000488311
Prims,340,LL,263.08729997253977
AStar,341,BMH,2.2163999965414405
AStar,341,LL,2.229899982921779
Prims,341,BMH,68.89360002242029
Prims,341,LL,194.1176000109408
AStar,342,BMH,2.5052000128198415
AStar,342,LL,2.1834999788552523
Prims,342,BMH,61.30869998014532
Prims,342,LL,232.50410001492128
AStar,343,BMH,11.490499979117885
AStar,343,LL,11.514599988004193
Prims,343,BMH,55.932900024345145
Prims,343,LL,274.68319999752566
AStar,344,BMH,2.7658999897539616
AStar,344,LL,2.8962999931536615
Prims,344,BMH,68.30430001718923
Prims,344,LL,221.22599999420345
AStar,345,BMH,2.072300005238503
AStar,345,LL,1.9893999851774424
Prims,345,BMH,58.01860001520254
Prims,345,LL,181.64329999126494
AStar,346,BMH,2.0367999968584627
AStar,346,LL,2.0536000083666295
Prims,346,BMH,55.661699996562675
Prims,346,LL,173.99869998916984
AStar,347,BMH,2.051099989330396
AStar,347,LL,2.334699995117262
Prims,347,BMH,56.328200007556006
Prims,347,LL,174.1232000058517
AStar,348,BMH,2.0413000020198524
AStar,348,LL,2.0071000035386533
Prims,348,BMH,55.92169999727048
Prims,348,LL,191.66780001251027
AStar,349,BMH,2.2142000088933855
AStar,349,LL,2.208599995356053
Prims,349,BMH,58.04869998246431
Prims,349,LL,183.80460000480525
AStar,350,BMH,2.273799997055903
AStar,350,LL,2.1284999966155738
Prims,350,BMH,59.657299978425726
Prims,350,LL,210.30779997818172
AStar,351,BMH,2.0049000158905983
AStar,351,LL,1.9742999866139144
Prims,351,BMH,59.82520000543445
Prims,351,LL,185.36240002140403
AStar,352,BMH,2.1826000011060387
AStar,352,LL,2.1424000151455402
Prims,352,BMH,61.44049999420531
Prims,352,LL,189.32070001028478
AStar,353,BMH,2.2674000065308064
AStar,353,LL,2.341799990972504
Prims,353,BMH,57.50850000185892
Prims,353,LL,180.58419998851605
AStar,354,BMH,2.0681999740190804
AStar,354,LL,2.0409999997355044
Prims,354,BMH,59.4097999855876
Prims,354,LL,190.14249998144805
AStar,355,BMH,2.0862999954260886
AStar,355,LL,2.4523999891243875
Prims,355,BMH,57.92469999869354
Prims,355,LL,196.6312000004109
AStar,356,BMH,3.0882999999448657
AStar,356,LL,2.4341999960597605
Prims,356,BMH,74.14159999461845
Prims,356,LL,216.09570001601242
AStar,357,BMH,2.412299974821508
AStar,357,LL,2.3551000049337745
Prims,357,BMH,61.80780002614483
Prims,357,LL,243.70880000060424
AStar,358,BMH,2.7095999976154417
AStar,358,LL,2.7925999893341213
Prims,358,BMH,89.47350000380538
Prims,358,LL,232.9932000138797
AStar,359,BMH,2.4975999840535223
AStar,359,LL,2.3794000153429806
Prims,359,BMH,69.94539999868721
Prims,359,LL,209.7189000051003
AStar,360,BMH,3.031200001714751
AStar,360,LL,2.207699988503009
Prims,360,BMH,67.550299980212
Prims,360,LL,218.5514000011608
AStar,361,BMH,2.1066000044811517
AStar,361,LL,2.1023000008426607
Prims,361,BMH,77.45760001125745
Prims,361,LL,288.4775999991689
AStar,362,BMH,2.0536000083666295
AStar,362,LL,2.285700000356883
Prims,362,BMH,64.3178999889642
Prims,362,LL,193.66059999447316
AStar,363,BMH,2.43870000122115
AStar,363,LL,2.163900004234165
Prims,363,BMH,74.25679999869317
Prims,363,LL,208.8557000097353
AStar,364,BMH,2.3126000014599413
AStar,364,LL,2.4889000051189214
Prims,364,BMH,65.2082999877166
Prims,364,LL,295.489300013287
AStar,365,BMH,2.5231999752577394
AStar,365,LL,3.001000004587695
Prims,365,BMH,75.70250000571832
Prims,365,LL,229.62849997566082
AStar,366,BMH,3.0376000213436782
AStar,366,LL,2.827599993906915
Prims,366,BMH,86.39779998338781
Prims,366,LL,208.67540000472218
AStar,367,BMH,2.1643000072799623
AStar,367,LL,2.1271000150591135
Prims,367,BMH,65.3040999895893
Prims,367,LL,227.58879998582415
AStar,368,BMH,2.205800003139302
AStar,368,LL,2.2256000083871186
Prims,368,BMH,64.7707000025548
Prims,368,LL,194.80389999807812
AStar,369,BMH,2.2920999908819795
AStar,369,LL,2.5024000206030905
Prims,369,BMH,69.87299997126684
Prims,369,LL,214.50710002682172
AStar,370,BMH,2.1659999911207706
AStar,370,LL,2.142600016668439
Prims,370,BMH,63.18440000177361
Prims,370,LL,202.1021999826189
AStar,371,BMH,2.2723999863956124
AStar,371,LL,2.2296000097412616
Prims,371,BMH,63.09710000641644
Prims,371,LL,208.5160000133328
AStar,372,BMH,2.4166000075638294
AStar,372,LL,2.339300001040101
Prims,372,BMH,62.25970000377856
Prims,372,LL,205.47320001060143
AStar,373,BMH,2.7815999928861856
AStar,373,LL,2.370000001974404
Prims,373,BMH,65.68059997516684
Prims,373,LL,206.60269999643788
AStar,374,BMH,2.239599998574704
AStar,374,LL,2.3216999834403396
Prims,374,BMH,65.55790000129491
Prims,374,LL,211.97319999919273
AStar,375,BMH,2.1935999975539744
AStar,375,LL,2.2544999956153333
Prims,375,BMH,64.05939999967813
Prims,375,LL,251.52290001278743
AStar,376,BMH,2.6103999989572912
AStar,376,LL,2.9095000063534826
Prims,376,BMH,92.97640001750551
Prims,376,LL,228.63019999931566
AStar,377,BMH,2.7851999911945313
AStar,377,LL,2.224600000772625
Prims,377,BMH,103.59110002173111
Prims,377,LL,253.18709999555722
AStar,378,BMH,3.1353000085800886
AStar,378,LL,2.4532999959774315
Prims,378,BMH,88.40869998675771
Prims,378,LL,295.6273000163492
AStar,379,BMH,2.4070999934338033
AStar,379,LL,2.234099985798821
Prims,379,BMH,68.43479999224655
Prims,379,LL,396.73550002044067
AStar,380,BMH,6.250800011912361
AStar,380,LL,5.482100008521229
Prims,380,BMH,91.43539998331107
Prims,380,LL,233.153700013645
AStar,381,BMH,2.404200000455603
AStar,381,LL,2.3093000054359436
Prims,381,BMH,70.66609998582862
Prims,381,LL,321.091299992986
AStar,382,BMH,2.818099979776889
AStar,382,LL,3.516900003887713
Prims,382,BMH,79.06760001787916
Prims,382,LL,274.28180002607405
AStar,383,BMH,2.3304000205826014
AStar,383,LL,2.3355000012088567
Prims,383,BMH,67.59019999299198
Prims,383,LL,299.59180002333596
AStar,384,BMH,2.4611999979242682
AStar,384,LL,2.390900015598163
Prims,384,BMH,84.37120000598952
Prims,384,LL,277.8724000090733
AStar,385,BMH,4.582800000207499
AStar,385,LL,4.47439998970367
Prims,385,BMH,92.98739998484962
Prims,385,LL,365.33670002245344
AStar,386,BMH,2.908099995693192
AStar,386,LL,3.178200015099719
Prims,386,BMH,118.00730001414195
Prims,386,LL,328.6654000112321
AStar,387,BMH,5.137800006195903
AStar,387,LL,6.500399991637096
Prims,387,BMH,123.48650000058115
Prims,387,LL,362.0009000005666
AStar,388,BMH,3.7825999897904694
AStar,388,LL,3.4961999917868525
Prims,388,BMH,79.21429999987595
Prims,388,LL,259.2201999796089
AStar,389,BMH,4.262800008291379
AStar,389,LL,4.3197000049985945
Prims,389,BMH,116.01969998446293
Prims,389,LL,256.75040000351146
AStar,390,BMH,2.302000008057803
AStar,390,LL,4.286200011847541
Prims,390,BMH,72.00290000764653
Prims,390,LL,225.9900000062771
AStar,391,BMH,2.304499997990206
AStar,391,LL,2.2444999776780605
Prims,391,BMH,68.06990000768565
Prims,391,LL,226.61099999095313
AStar,392,BMH,2.303800021763891
AStar,392,LL,2.2746000031474978
Prims,392,BMH,76.5018000092823
Prims,392,LL,257.7875999850221
AStar,393,BMH,2.7423000137787312
AStar,393,LL,2.6926999853458256
Prims,393,BMH,106.0169999836944
Prims,393,LL,281.26369998790324
AStar,394,BMH,3.034499997738749
AStar,394,LL,2.702300000237301
Prims,394,BMH,99.89159999531694
Prims,394,LL,331.7339000059292
AStar,395,BMH,2.8343000158201903
AStar,395,LL,3.276999981608242
Prims,395,BMH,105.4724000277929
Prims,395,LL,387.82100001117215
AStar,396,BMH,3.2042000093497336
AStar,396,LL,3.0885000014677644
Prims,396,BMH,115.75680001988076
Prims,396,LL,255.6345000048168
AStar,397,BMH,5.942599993431941
AStar,397,LL,5.464700021548197
Prims,397,BMH,90.08100000210106
Prims,397,LL,310.7515999872703
AStar,398,BMH,2.9989999893587083
AStar,398,LL,2.5458000018261373
Prims,398,BMH,72.51470000483096
Prims,398,LL,247.15169999399222
AStar,399,BMH,4.704399994807318
AStar,399,LL,4.670700000133365
Prims,399,BMH,77.2972000122536
Prims,399,LL,392.93639999232255
AStar,400,BMH,2.5980000209528953
AStar,400,LL,2.576899976702407
Prims,400,BMH,78.5848000086844
Prims,400,LL,389.56640000105835
AStar,401,BMH,2.958299999590963
AStar,401,LL,2.8482000052463263
Prims,401,BMH,73.59270000597462
Prims,401,LL,294.90989999612793
AStar,402,BMH,3.843900020001456
AStar,402,LL,3.3619000168982893
Prims,402,BMH,89.4898000115063
Prims,402,LL,293.0307000060566
AStar,403,BMH,2.7842999843414873
AStar,403,LL,2.417700015939772
Prims,403,BMH,85.10309999110177
Prims,403,LL,268.83250000537373
AStar,404,BMH,5.437899992102757
AStar,404,LL,5.4392000020015985
Prims,404,BMH,129.98440000228584
Prims,404,LL,354.1339999937918
AStar,405,BMH,5.4290000116452575
AStar,405,LL,4.402999999001622
Prims,405,BMH,114.04310000943951
Prims,405,LL,344.1801999870222
AStar,406,BMH,12.712600000668317
AStar,406,LL,16.854300018167123
Prims,406,BMH,94.93240001029335
Prims,406,LL,322.6297999790404
AStar,407,BMH,2.444100013235584
AStar,407,LL,2.29800000670366
Prims,407,BMH,142.77279999805614
Prims,407,LL,375.8528999751434
AStar,408,BMH,2.3307999945245683
AStar,408,LL,2.164500008802861
Prims,408,BMH,93.8114000018686
Prims,408,LL,274.75070001673885
AStar,409,BMH,2.402000012807548
AStar,409,LL,2.435500005958602
Prims,409,BMH,77.5322999979835
Prims,409,LL,251.30609999177977
AStar,410,BMH,2.4794999917503446
AStar,410,LL,2.952100010588765
Prims,410,BMH,74.42849999642931
Prims,410,LL,263.28869999269955
AStar,411,BMH,2.7732999878935516
AStar,411,LL,2.24170001456514
Prims,411,BMH,80.14289999846369
Prims,411,LL,300.3076000022702
AStar,412,BMH,2.6591999921947718
AStar,412,LL,2.5579000066500157
Prims,412,BMH,110.57469999650493
Prims,412,LL,311.528799997177
AStar,413,BMH,2.199200011091307
AStar,413,LL,2.6522999978624284
Prims,413,BMH,73.93830001819879
Prims,413,LL,394.7918000048958
AStar,414,BMH,9.863900020718575
AStar,414,LL,8.084300003247336
Prims,414,BMH,81.00459998240694
Prims,414,LL,382.4430999811739
AStar,415,BMH,2.778299996862188
AStar,415,LL,2.449799998430535
Prims,415,BMH,89.24849997856654
Prims,415,LL,324.2292999930214
AStar,416,BMH,2.500400005374104
AStar,416,LL,2.4708000128157437
Prims,416,BMH,88.87459998368286
Prims,416,LL,374.1844000178389
AStar,417,BMH,2.5274000072386116
AStar,417,LL,2.8442000038921833
Prims,417,BMH,109.43399998359382
Prims,417,LL,346.4498000103049
AStar,418,BMH,3.0909999914001673
AStar,418,LL,2.7449000044725835
Prims,418,BMH,98.81599998334423
Prims,418,LL,400.8183999976609
AStar,419,BMH,2.501900016795844
AStar,419,LL,2.5486999948043376
Prims,419,BMH,91.55240000109188
Prims,419,LL,337.6773000054527
AStar,420,BMH,14.674600010039285
AStar,420,LL,15.14350000070408
Prims,420,BMH,107.47519999858923
Prims,420,LL,370.4386000172235
AStar,421,BMH,3.0150999955367297
AStar,421,LL,3.7182999949436635
Prims,421,BMH,105.65630000201054
Prims,421,LL,410.33660000539385
AStar,422,BMH,3.3943000016734004
AStar,422,LL,3.782100015087053
Prims,422,BMH,133.34439997561276
Prims,422,LL,352.5495000067167
AStar,423,BMH,2.4947999918367714
AStar,423,LL,2.440599986584857
Prims,423,BMH,79.63619998190552
Prims,423,LL,268.1000999873504
AStar,424,BMH,2.523800008930266
AStar,424,LL,2.492800005711615
Prims,424,BMH,82.32099999440834
Prims,424,LL,275.3632999956608
AStar,425,BMH,2.5034999998752028
AStar,425,LL,3.149600001052022
Prims,425,BMH,100.75409998535179
Prims,425,LL,289.11990000051446
AStar,426,BMH,2.7027000032830983
AStar,426,LL,2.69059999845922
Prims,426,BMH,79.2756000009831
Prims,426,LL,265.2844999975059
AStar,427,BMH,2.5357999838888645
AStar,427,LL,2.7525000041350722
Prims,427,BMH,78.1437000259757
Prims,427,LL,279.87189998384565
AStar,428,BMH,4.946900007780641
AStar,428,LL,4.458899988094345
Prims,428,BMH,107.69940001773648
Prims,428,LL,310.1446999935433
AStar,429,BMH,2.3327000089921057
AStar,429,LL,2.24609998986125
Prims,429,BMH,97.60979999555275
Prims,429,LL,285.7316000154242
AStar,430,BMH,2.5486999948043376
AStar,430,LL,2.522599999792874
Prims,430,BMH,79.28110001375899
Prims,430,LL,291.3453000073787
AStar,431,BMH,2.540799992857501
AStar,431,LL,2.5529999984428287
Prims,431,BMH,80.1655999966897
Prims,431,LL,274.4243000051938
AStar,432,BMH,2.554999984567985
AStar,432,LL,2.4825000145938247
Prims,432,BMH,81.419599999208
Prims,432,LL,288.17409998737276
AStar,433,BMH,2.885699999751523
AStar,433,LL,2.9892000020481646
Prims,433,BMH,86.92590001737699
Prims,433,LL,288.5072000208311
AStar,434,BMH,2.5554999883752316
AStar,434,LL,2.4824000138323754
Prims,434,BMH,86.08139998978004
Prims,434,LL,293.7553000228945
AStar,435,BMH,3.062099975068122
AStar,435,LL,3.0020000122021884
Prims,435,BMH,80.50619999994524
Prims,435,LL,289.8925000044983
AStar,436,BMH,2.337100013392046
AStar,436,LL,2.346399996895343
Prims,436,BMH,91.8041999975685
Prims,436,LL,310.82600000081584
AStar,437,BMH,2.5920000043697655
AStar,437,LL,2.6070000021718442
Prims,437,BMH,83.10990000609308
Prims,437,LL,328.4413999936078
AStar,438,BMH,2.8913000132888556
AStar,438,LL,2.715299982810393
Prims,438,BMH,85.85350000066683
Prims,438,LL,314.40389997442253
AStar,439,BMH,3.0675000161863863
AStar,439,LL,2.896999998483807
Prims,439,BMH,99.17110000969842
Prims,439,LL,339.3203000014182
AStar,440,BMH,3.11279998277314
AStar,440,LL,2.6185000024270266
Prims,440,BMH,94.6743999957107
Prims,440,LL,307.8279999899678
AStar,441,BMH,2.655800024513155
AStar,441,LL,2.456199988955632
Prims,441,BMH,90.33269999781623
Prims,441,LL,468.77239999594167
AStar,442,BMH,4.007999988971278
AStar,442,LL,3.8841000059619546
Prims,442,BMH,103.4856999758631
Prims,442,LL,352.1138000069186
AStar,443,BMH,3.801700018811971
AStar,443,LL,3.326800011564046
Prims,443,BMH,104.09029998118058
Prims,443,LL,316.9789999956265
AStar,444,BMH,2.5597999920137227
AStar,444,LL,3.552099980879575
Prims,444,BMH,92.90820002206601
Prims,444,LL,433.28469997504726
AStar,445,BMH,3.424099995754659
AStar,445,LL,2.7492000081110746
Prims,445,BMH,93.12169998884201
Prims,445,LL,308.2779000105802
AStar,446,BMH,3.076699998928234
AStar,446,LL,2.8334000089671463
Prims,446,BMH,87.27519999956712
Prims,446,LL,299.23459998099133
AStar,447,BMH,3.002800018293783
AStar,447,LL,3.009300009580329
Prims,447,BMH,88.04679999593645
Prims,447,LL,317.7799000113737
AStar,448,BMH,2.7350999880582094
AStar,448,LL,2.829099976224825
Prims,448,BMH,90.77400001115166
Prims,448,LL,346.0082999954466
AStar,449,BMH,2.392199996393174
AStar,449,LL,2.3901000095065683
Prims,449,BMH,86.42239999608137
Prims,449,LL,357.43319999892265
AStar,450,BMH,3.0999000009614974
AStar,450,LL,2.371399983530864
Prims,450,BMH,95.60570001485758
Prims,450,LL,332.19449999160133
AStar,451,BMH,2.681099984329194
AStar,451,LL,2.82100000185892
Prims,451,BMH,90.94049999839626
Prims,451,LL,348.067600018112
AStar,452,BMH,3.081300004851073
AStar,452,LL,2.801399998134002
Prims,452,BMH,100.46789998887107
Prims,452,LL,325.38039999781176
AStar,453,BMH,2.831799996783957
AStar,453,LL,2.594999998109415
Prims,453,BMH,85.9618000104092
Prims,453,LL,308.17579998984
AStar,454,BMH,2.8753000078722835
AStar,454,LL,2.915499993832782
Prims,454,BMH,91.72419999958947
Prims,454,LL,317.24709999980405
AStar,455,BMH,3.0012999777682126
AStar,455,LL,3.0039999983273447
Prims,455,BMH,91.24310000333935
Prims,455,LL,319.81549999909475
AStar,456,BMH,2.854800026398152
AStar,456,LL,2.8710999758914113
Prims,456,BMH,87.37220001057722
Prims,456,LL,329.84140000189655
AStar,457,BMH,2.7640000043902546
AStar,457,LL,2.64759999117814
Prims,457,BMH,88.252299989108
Prims,457,LL,310.77250000089407
AStar,458,BMH,2.5055000151041895
AStar,458,LL,2.6351999840699136
Prims,458,BMH,89.28430001833476
Prims,458,LL,318.83110001217574
AStar,459,BMH,2.23430001642555
AStar,459,LL,2.212499995948747
Prims,459,BMH,87.98749998095445
Prims,459,LL,324.825099989539
AStar,460,BMH,2.979299984872341
AStar,460,LL,3.009900014149025
Prims,460,BMH,91.42290000454523
Prims,460,LL,312.497999984771
AStar,461,BMH,2.9565000149887055
AStar,461,LL,3.0658000032417476
Prims,461,BMH,96.4990999782458
Prims,461,LL,331.52949999202974
AStar,462,BMH,3.4752999781630933
AStar,462,LL,3.5539999953471124
Prims,462,BMH,92.57400000933558
Prims,462,LL,324.0059999807272
AStar,463,BMH,3.2999000104609877
AStar,463,LL,3.1865000200923532
Prims,463,BMH,106.67410001042299
Prims,463,LL,329.14960000198334
AStar,464,BMH,3.3869000035338104
AStar,464,LL,3.1331999925896525
Prims,464,BMH,92.68259999225847
Prims,464,LL,360.41029999614693
AStar,465,BMH,2.72019999101758
AStar,465,LL,2.705300023080781
Prims,465,BMH,90.75939998729154
Prims,465,LL,354.2324000154622
AStar,466,BMH,2.689300017664209
AStar,466,LL,2.8735999949276447
Prims,466,BMH,91.30240001832135
Prims,466,LL,332.0963000005577
AStar,467,BMH,2.9448999848682433
AStar,467,LL,2.698600001167506
Prims,467,BMH,92.97409999999218
Prims,467,LL,356.42520000692457
AStar,468,BMH,6.943099986528978
AStar,468,LL,6.938200007425621
Prims,468,BMH,97.68840001197532
Prims,468,LL,334.04059999156743
AStar,469,BMH,3.4432999964337796
AStar,469,LL,3.2838000042829663
Prims,469,BMH,90.94439999898896
Prims,469,LL,354.0190000203438
AStar,470,BMH,2.665300009539351
AStar,470,LL,2.492500003427267
Prims,470,BMH,100.21180001785979
Prims,470,LL,372.45399999665096
AStar,471,BMH,2.521399990655482
AStar,471,LL,2.4732000019866973
Prims,471,BMH,94.22700002323836
Prims,471,LL,339.0715999994427
AStar,472,BMH,19.864300003973767
AStar,472,LL,20.496999990427867
Prims,472,BMH,95.41060001356527
Prims,472,LL,423.31860002013855
AStar,473,BMH,3.641299990704283
AStar,473,LL,3.662700008135289
Prims,473,BMH,150.23309999378398
Prims,473,LL,529.0505000157282
AStar,474,BMH,3.0140000162646174
AStar,474,LL,3.808299981756136
Prims,474,BMH,159.59999998449348
Prims,474,LL,540.2994000178296
AStar,475,BMH,4.1452000150457025
AStar,475,LL,3.72919999063015
Prims,475,BMH,152.5172000110615
Prims,475,LL,551.1582999897655
AStar,476,BMH,3.9816000207792968
AStar,476,LL,3.9890999905765057
Prims,476,BMH,152.51839999109507
Prims,476,LL,393.116099992767
AStar,477,BMH,8.553699997719377
AStar,477,LL,8.206800004700199
Prims,477,BMH,94.49260000837967
Prims,477,LL,355.4602000222076
AStar,478,BMH,2.9839999915566295
AStar,478,LL,2.879400009987876
Prims,478,BMH,95.7936999911908
Prims,478,LL,351.850100007141
AStar,479,BMH,3.1042000045999885
AStar,479,LL,2.9725000204052776
Prims,479,BMH,98.00169998197816
Prims,479,LL,352.4697999819182
AStar,480,BMH,2.9858000052627176
AStar,480,LL,2.808799996273592
Prims,480,BMH,94.39700000802986
Prims,480,LL,356.6827999893576
AStar,481,BMH,4.595499980496243
AStar,481,LL,4.364399996120483
Prims,481,BMH,103.13229999155737
Prims,481,LL,356.5309999976307
AStar,482,BMH,2.5766999751795083
AStar,482,LL,2.5456000003032386
Prims,482,BMH,146.7860999982804
Prims,482,LL,552.8569000016432
AStar,483,BMH,3.3531000080984086
AStar,483,LL,3.7391000078059733
Prims,483,BMH,137.620000023162
Prims,483,LL,349.84320000512525
AStar,484,BMH,2.5932000135071576
AStar,484,LL,2.61060000048019
Prims,484,BMH,101.87710000900552
Prims,484,LL,368.79519998910837
AStar,485,BMH,2.8070999833289534
AStar,485,LL,2.798300003632903
Prims,485,BMH,100.53049999987707
Prims,485,LL,355.44849999132566
AStar,486,BMH,2.7714000025298446
AStar,486,LL,2.5348000053782016
Prims,486,BMH,103.31619999487884
Prims,486,LL,365.1045000005979
AStar,487,BMH,3.356300003360957
AStar,487,LL,3.3340999798383564
Prims,487,BMH,110.47920002602041
Prims,487,LL,355.8941000082996
AStar,488,BMH,2.8962999931536615
AStar,488,LL,2.9935000056866556
Prims,488,BMH,101.10050000366755
Prims,488,LL,363.58919998747297
AStar,489,BMH,3.1641999958083034
AStar,489,LL,3.125299990642816
Prims,489,BMH,105.33289998420514
Prims,489,LL,364.7454000019934
AStar,490,BMH,3.0371999891940504
AStar,490,LL,2.905600005760789
Prims,490,BMH,111.20439998921938
Prims,490,LL,360.60439998982474
AStar,491,BMH,3.152699995553121
AStar,491,LL,2.8473999991547316
Prims,491,BMH,106.99950001435354
Prims,491,LL,367.4594000040088
AStar,492,BMH,3.0694000015500933
AStar,492,LL,2.8756999818142503
Prims,492,BMH,103.30799999064766
Prims,492,LL,384.3415000010282
AStar,493,BMH,3.4207999997306615
AStar,493,LL,3.2608000037726015
Prims,493,BMH,121.96810002205893
Prims,493,LL,406.0014999995474
AStar,494,BMH,3.4798999840859324
AStar,494,LL,3.291700006229803
Prims,494,BMH,108.75620000297204
Prims,494,LL,375.71600000956096
AStar,495,BMH,26.125900010811165
AStar,495,LL,29.399799997918308
Prims,495,BMH,106.41579999355599
Prims,495,LL,373.3871000004001
AStar,496,BMH,3.004099999088794
AStar,496,LL,2.91129999095574
Prims,496,BMH,104.19009998440742
Prims,496,LL,366.24530001427047
AStar,497,BMH,2.651700022397563
AStar,497,LL,2.7768999862018973
Prims,497,BMH,108.47790000843816
Prims,497,LL,385.36240000394173
AStar,498,BMH,2.6978999958373606
AStar,498,LL,2.379899990046397
Prims,498,BMH,111.33390001486987
Prims,498,LL,368.94489999394864
AStar,499,BMH,3.2964000129140913
AStar,499,LL,2.958199998829514
Prims,499,BMH,110.33970001153648
Prims,499,LL,378.3642000053078
